Classement;Pokémon;Nombre de votes;% de joueurs ayant vote pour
1;Carchacrok;2190;0,1216
2;Ectoplasma;1999;0,111
3;Rayquaza;1672;0,0929
4;Amphinobi;1654;0,0919
5;Lucario;1441;0,08
6;Laggron;1320;0,0733
7;Dracaufeu;1310;0,0728
8;Simiabraz;1288;0,0715
9;Tyranocif;1275;0,0708
10;Metalosse;1269;0,0705
11;Cizayox;1235;0,0686
12;Jungko;1140;0,0633
13;Brasegali;1137;0,0632
14;Gardevoir;1134;0,063
15;Pingoleon;1128;0,0627
16;Libegon;976;0,0542
17;Scorvol;956;0,0531
18;Yveltal;925;0,0514
19;Noctali;915;0,0508
20;Dracolosse;903;0,0502
21;Lugia;890;0,0494
22;Etouraptor;860;0,0478
23;Pyrax;857;0,0476
24;Luxray;842;0,0468
25;Darkrai;842;0,0468
26;Exagide;804;0,0447
27;Typhlosion;794;0,0441
28;Arcanin;788;0,0438
29;Archeduc;777;0,0432
30;Trioxhydre;776;0,0431
31;Lugulabre;774;0,043
32;Milobellus;772;0,0429
33;Giratina;760;0,0422
34;Zoroark;728;0,0404
35;Majaspic;722;0,0401
36;Lanssorien;721;0,04
37;Aligatueur;717;0,0398
38;Mimiqui;691;0,0384
39;Drattak;686;0,0381
40;Torterra;673;0,0374
41;Galeking;663;0,0368
42;Mewtwo;663;0,0368
43;Leviator;609;0,0338
44;Kyogre;602;0,0334
45;Nostenfer;575;0,0319
46;Arceus;563;0,0313
47;Evoli;563;0,0313
48;Gobou;561;0,0312
49;Groudon;560;0,0311
50;Gallame;556;0,0309
51;Ho-Oh;556;0,0309
52;Feunard d'Alola;553;0,0307
53;Mentali;545;0,0303
54;Dialga;538;0,0299
55;Crocorible;531;0,0295
56;Bulbizarre;527;0,0293
57;Absol;518;0,0288
58;Zekrom;501;0,0278
59;Ronflex;498;0,0277
60;Dimoret;498;0,0277
61;Nymphali;497;0,0276
62;Suicune;495;0,0275
63;Corvaillus;495;0,0275
64;Salarsen;494;0,0274
65;Chapignon;492;0,0273
66;Tortank;491;0,0273
67;Lougaroc;484;0,0269
68;Alakazam;483;0,0268
69;Pyrobut;477;0,0265
70;Togekiss;470;0,0261
71;Nidoking;469;0,026
72;Electhor;467;0,0259
73;Zeraora;467;0,0259
74;Mew;467;0,0259
75;Xerneas;462;0,0257
76;Flambusard;461;0,0256
77;Victini;457;0,0254
78;Roserade;454;0,0252
79;Pharamp;446;0,0248
80;Scalproie;443;0,0246
81;Givrali;441;0,0245
82;Marshadow;440;0,0244
83;Porygon-Z;439;0,0244
84;Momartik;429;0,0238
85;Massko;422;0,0234
86;Feunard;419;0,0233
87;Azumarill;412;0,0229
88;Mysdibule;409;0,0227
89;Scarhino;406;0,0226
90;Shaymin;406;0,0226
91;Voltali;398;0,0221
92;Rexillius;390;0,0217
93;Phyllali;385;0,0214
94;Aquali;380;0,0211
95;Reshiram;380;0,0211
96;Bruyverne;380;0,0211
97;Deoxys;375;0,0208
98;Corboss;374;0,0208
99;Latias;373;0,0207
100;Florizarre;372;0,0207
101;Hericendre;370;0,0206
102;Minotaupe;370;0,0206
103;Mammochon;369;0,0205
104;Lokhlass;368;0,0204
105;Tiplouf;359;0,0199
106;Tranchodon;359;0,0199
107;Zacian;357;0,0198
108;Shifours;354;0,0197
109;Jirachi;352;0,0196
110;Brindibou;350;0,0194
111;Demolosse;349;0,0194
112;Kaiminus;347;0,0193
113;Zorua;343;0,0191
114;Elekable;334;0,0186
115;Latios;333;0,0185
116;Pikachu;329;0,0183
117;Artikodin;329;0,0183
118;Felinferno;326;0,0181
119;Magnezone;323;0,0179
120;Oratoria;319;0,0177
121;Motisma;316;0,0176
122;Ohmassacre;312;0,0173
123;Palkia;305;0,0169
124;Coatox;304;0,0169
125;Raikou;302;0,0168
126;Steelix;297;0,0165
127;Tortipouss;290;0,0161
128;Brutapode;289;0,0161
129;Ossateur d'Alola;281;0,0156
130;Muplodocus;278;0,0154
131;Carapuce;275;0,0153
132;Lunala;274;0,0152
133;Kyurem;274;0,0152
134;Meloetta;272;0,0151
135;Clamiral;272;0,0151
136;Vipelierre;269;0,0149
137;Heatran;268;0,0149
138;Katagami;266;0,0148
139;Keunotor;264;0,0147
140;Symbios;258;0,0143
141;Lockpin;257;0,0143
142;Hyporoi;256;0,0142
143;Regieleki;252;0,014
144;Sarmurai;251;0,0139
145;Roucarnage;248;0,0138
146;Celebi;244;0,0136
147;Heliatronc;242;0,0134
148;Noctunoir;242;0,0134
149;Spiritomb;241;0,0134
150;Draco;237;0,0132
151;Drascore;236;0,0131
152;Altaria;234;0,013
153;Tokorico;229;0,0127
154;Goupix d'Alola;228;0,0127
155;Moustillon;227;0,0126
156;Ekaiser;227;0,0126
157;Malamandre;227;0,0126
158;Zygarde;226;0,0126
159;Ixon;224;0,0124
160;Colhomard;221;0,0123
161;Arcko;218;0,0121
162;Magireve;217;0,0121
163;Noacier;212;0,0118
164;Poussifeu;211;0,0117
165;Salameche;210;0,0117
166;Entei;210;0,0117
167;Keldeo;207;0,0115
168;Mackogneur;206;0,0114
169;Necrozma;206;0,0114
170;Hoopa;206;0,0114
171;Riolu;205;0,0114
172;Mygavolt;204;0,0113
173;Goupelin;202;0,0112
174;Demeteros;202;0,0112
175;Maraiste;199;0,0111
176;Diancie;198;0,011
177;Kabutops;196;0,0109
178;Pyroli;195;0,0108
179;Chelours;193;0,0107
180;Hippodocus;192;0,0107
181;Solgaleo;192;0,0107
182;Flagadoss;189;0,0105
183;Insecateur;189;0,0105
184;Branette;187;0,0104
185;Metamorph;185;0,0103
186;Regigigas;184;0,0102
187;Tengalice;184;0,0102
188;Rhinastoc;183;0,0102
189;Feurisson;182;0,0101
190;Tritosor;181;0,0101
191;Spectreval;181;0,0101
192;Flamiaou;180;0,01
193;Brutalibre;180;0,01
194;Elecsprint;179;0,0099
195;Mateloutre;179;0,0099
196;Manaphy;177;0,0098
197;Mustebouee;176;0,0098
198;Golemastoc;174;0,0097
199;Spectrum;174;0,0097
200;Goupix;174;0,0097
201;Gorythmic;173;0,0096
202;Sharpedo;173;0,0096
203;Angoliath;170;0,0094
204;Raichu;169;0,0094
205;Gueriaigle;168;0,0093
206;Psykokwak;168;0,0093
207;Darumacho;167;0,0093
208;Ptera;163;0,0091
209;Darumacho de Galar;162;0,009
210;Sulfura de Galar;161;0,0089
211;Raichu d'Alola;161;0,0089
212;Ludicolo;161;0,0089
213;Sucreine;160;0,0089
214;Baggaid;160;0,0089
215;Lezargus;158;0,0088
216;Lixy;157;0,0087
217;Ouisticram;157;0,0087
218;Genesect;157;0,0087
219;Feunnec;155;0,0086
220;Yanmega;154;0,0086
221;Gamblast;153;0,0085
222;Tenefix;152;0,0084
223;Charkos;151;0,0084
224;Fragilady;151;0,0084
225;Roitiflam;150;0,0083
226;Flambino;150;0,0083
227;Tutankafer;150;0,0083
228;Airmure;148;0,0082
229;Munja;148;0,0082
230;Musteflott;147;0,0082
231;Obalie;147;0,0082
232;Hydragon;143;0,0079
233;Sorcilence;142;0,0079
234;Melmetal;142;0,0079
235;Donphan;142;0,0079
236;Scoloscendre;142;0,0079
237;Predasterie;141;0,0078
238;Silvallie;140;0,0078
239;Mandrillon;139;0,0077
240;Fulguris;138;0,0077
241;Dragmara;137;0,0076
242;Roussil;137;0,0076
243;Grenousse;137;0,0076
244;Dardargnan;136;0,0076
245;Tokopiyon;135;0,0075
246;Gigalithe;134;0,0074
247;Magearna;134;0,0074
248;Electhor de Galar;131;0,0073
249;Kaimorse;131;0,0073
250;Farfaduvet;131;0,0073
251;Floramantis;130;0,0072
252;Sablaireau;130;0,0072
253;Magicarpe;129;0,0072
254;Sablaireau d'Alola;127;0,0071
255;Minidraco;127;0,0071
256;Lucanon;125;0,0069
257;Staross;124;0,0069
258;Meganium;123;0,0068
259;Germignon;123;0,0068
260;Maganon;123;0,0068
261;Mistigrix;123;0,0068
262;Volcanion;122;0,0068
263;Griknot;121;0,0067
264;Dratatin;121;0,0067
265;Moumouton;121;0,0067
266;Tarsal;120;0,0067
267;Kravarech;120;0,0067
268;Zamazenta;119;0,0066
269;Shaofouine;117;0,0065
270;Tokopisco;117;0,0065
271;Herbizarre;117;0,0065
272;Mangriff;117;0,0065
273;Ossatueur;113;0,0063
274;Osselait;113;0,0063
275;Wattouat;111;0,0062
276;Ouistempo;111;0,0062
277;Charmilly;111;0,0062
278;Regidrago;111;0,0062
279;Ethernatos;110;0,0061
280;Caninos;110;0,0061
281;Rocabot;110;0,0061
282;Crefadet;110;0,0061
283;Galekid;108;0,006
284;Scorplane;108;0,006
285;Gruikui;107;0,0059
286;Manternel;107;0,0059
287;Galopa;107;0,0059
288;Sulfura;107;0,0059
289;Palarticho;107;0,0059
290;Axoloto;107;0,0059
291;Beldeneige;107;0,0059
292;Nemelios;107;0,0059
293;Heledelle;106;0,0059
294;Pashmilla;106;0,0059
295;Goinfrex;105;0,0058
296;Otaquin;105;0,0058
297;Desseliande;105;0,0058
298;Larmeleon;105;0,0058
299;Betochef;104;0,0058
300;Nigosier;104;0,0058
301;Ramoloss;104;0,0058
302;Cancrelove;103;0,0057
303;Fouinar;102;0,0057
304;Blindepique;102;0,0057
305;Hexadron;102;0,0057
306;Pichu;102;0,0057
307;Tartard;102;0,0057
308;Ponyta de Galar;101;0,0056
309;Wailord;101;0,0056
310;Meteno;100;0,0056
311;Cobaltium;100;0,0056
312;Insolourdo;99;0,0055
313;Embrylex;98;0,0054
314;Archeodong;97;0,0054
315;Rondoudou;97;0,0054
316;Camerupt;97;0,0054
317;Wushours;97;0,0054
318;Carabaffe;97;0,0054
319;Phanpy;97;0,0054
320;Polthegeist;97;0,0054
321;Blizzaroi;97;0,0054
322;Grolem;97;0,0054
323;Brouhabam;96;0,0053
324;Crustabri;96;0,0053
325;Tokotoro;95;0,0053
326;Farfuret;95;0,0053
327;Lapyro;95;0,0053
328;Cresselia;95;0,0053
329;Corayon de Galar;95;0,0053
330;Trepassable;95;0,0053
331;Zarude;95;0,0053
332;Chimpenfeu;95;0,0053
333;Lançargot;94;0,0052
334;Tarenbulle;94;0,0052
335;Pierroteknik;94;0,0052
336;Tarpaud;94;0,0052
337;Iguolta;94;0,0052
338;Roigada;93;0,0052
339;Lanturn;93;0,0052
340;Tentacruel;93;0,0052
341;Bekaglaçon;93;0,0052
342;Sylveroy;92;0,0051
343;Rhinoferos;92;0,0051
344;Crapustule;92;0,0051
345;Cradopaud;92;0,0051
346;Funecire;92;0,0051
347;Aeropteryx;92;0,0051
348;Cacturne;91;0,0051
349;Pandarbare;91;0,0051
350;Matoufeu;91;0,0051
351;Nidoqueen;91;0,0051
352;Bastiodon;91;0,0051
353;Cornebre;90;0,005
354;Oniglali;90;0,005
355;Tutetekri;90;0,005
356;Sabelette;89;0,0049
357;Boreas;89;0,0049
358;Grahyena;89;0,0049
359;Grodrive;89;0,0049
360;Colossinge;88;0,0049
361;Cliticlic;88;0,0049
362;Escroco;88;0,0049
363;Carmache;87;0,0048
364;Frissonille;87;0,0048
365;Cablifere;86;0,0048
366;Bazoucan;86;0,0048
367;Togepi;86;0,0048
368;Papilusion;86;0,0048
369;Feuforeve;86;0,0048
370;Rubombelle;84;0,0047
371;Kicklee;83;0,0046
372;Pomdrapi;83;0,0046
373;Toxizap;83;0,0046
374;Marisson;83;0,0046
375;Zeroid;82;0,0046
376;Zeblitz;82;0,0046
377;Lianaja;82;0,0046
378;Statitik;81;0,0045
379;Flobio;81;0,0045
380;Mucuscule;81;0,0045
381;Vemini;80;0,0044
382;Kirlia;79;0,0044
383;Regice;79;0,0044
384;Morpeko;79;0,0044
385;Croaporal;79;0,0044
386;Bourrinos;79;0,0044
387;Reptincel;78;0,0043
388;Pachirisu;78;0,0043
389;Bamboiselle;78;0,0043
390;Viridium;78;0,0043
391;Monaflemit;78;0,0043
392;Caratroc;77;0,0043
393;Luxio;77;0,0043
394;Porygon2;77;0,0043
395;Krabboss;77;0,0043
396;Abra;77;0,0043
397;Grotadmorv;76;0,0042
398;Tauros;76;0,0042
399;Galifeu;75;0,0042
400;Dimocles;75;0,0042
401;Kangourex;75;0,0042
402;Nounourson;75;0,0042
403;Cryptero;75;0,0042
404;Tropius;74;0,0041
405;Braisillon;74;0,0041
406;Crehelf;74;0,0041
407;Coupenotte;74;0,0041
408;Mascaiman;73;0,0041
409;Haydaim;73;0,0041
410;Armaldo;73;0,0041
411;Monorpale;73;0,0041
412;Canarticho;72;0,004
413;Tygnon;72;0,004
414;Ptyranidur;72;0,004
415;Magneton;71;0,0039
416;Capumain;71;0,0039
417;Froussardine;69;0,0038
418;Type:0;69;0,0038
419;Ninjask;69;0,0038
420;Crocrodil;69;0,0038
421;Chevroum;69;0,0038
422;Rafflesia;69;0,0038
423;Galopa de Galar;68;0,0038
424;Florges;68;0,0038
425;Pijako;68;0,0038
426;Bekipan;68;0,0038
427;Akwakwak;68;0,0038
428;Ponyta;68;0,0038
429;Porygon;68;0,0038
430;Mouscoto;67;0,0037
431;Xatu;67;0,0037
432;Regirock;67;0,0037
433;Seviper;67;0,0037
434;Qulbutoke;67;0,0037
435;Artikodin de Galar;66;0,0037
436;Etourmi;66;0,0037
437;Bouldeneu;66;0,0037
438;Registeel;66;0,0037
439;Brocelome;66;0,0037
440;Terrakium;66;0,0037
441;Arbok;65;0,0036
442;Apireine;65;0,0036
443;Sepiatroce;65;0,0036
444;Mastouffe;65;0,0036
445;Cosmog;64;0,0036
446;Capidextre;64;0,0036
447;Passerouge;64;0,0036
448;Krakos;64;0,0036
449;Sorbouboul;64;0,0036
450;Kraknoix;64;0,0036
451;Solochi;64;0,0036
452;Onix;63;0,0035
453;Elektek;63;0,0035
454;Galegon;63;0,0035
455;Emolga;63;0,0035
456;Fantyrm;62;0,0034
457;Miaouss;62;0,0034
458;Drakkarmin;61;0,0034
459;Empiflor;61;0,0034
460;Pandespiegle;61;0,0034
461;Smogogo;60;0,0033
462;Baggiguane;60;0,0033
463;Ecrapince;60;0,0033
464;Sinistrail;59;0,0033
465;Charmina;59;0,0033
466;Arkeapti;59;0,0033
467;Laporeille;59;0,0033
468;Kranidos;59;0,0033
469;Kaorine;59;0,0033
470;Zigzaton;58;0,0032
471;Grotadmorv d'Alola;58;0,0032
472;Canarticho de Galar;58;0,0032
473;Cotovol;58;0,0032
474;Blizzeval;58;0,0032
475;Crefollet;58;0,0032
476;Concombaffe;58;0,0032
477;Vibraninf;57;0,0032
478;Foretress;57;0,0032
479;Roselia;57;0,0032
480;Fulgudog;57;0,0032
481;Melodelfe;57;0,0032
482;Astronelle;57;0,0032
483;Prinplouf;57;0,0032
484;Vacilys;57;0,0032
485;Terhal;57;0,0032
486;Megapagos;57;0,0032
487;Eoko;56;0,0031
488;Lumineon;56;0,0031
489;Chartor;56;0,0031
490;Girafarig;56;0,0031
491;Baudrive;56;0,0031
492;Tritox;56;0,0031
493;Voltoutou;55;0,0031
494;Moyade;55;0,0031
495;Galvagon;55;0,0031
496;Octillery;55;0,0031
497;Ursaring;55;0,0031
498;Effleche;55;0,0031
499;Sancoki;55;0,0031
500;Hastacuda;55;0,0031
501;Meltan;55;0,0031
502;Disparetil;54;0,003
503;Ecremeuh;54;0,003
504;Duralugon;54;0,003
505;Azurill;54;0,003
506;Noarfang;54;0,003
507;Floette;54;0,003
508;Engloutyran;54;0,003
509;Metang;54;0,003
510;Togetic;54;0,003
511;Vaututrice;53;0,0029
512;Coxyclaque;53;0,0029
513;Corayome;53;0,0029
514;Ama-Ama;52;0,0029
515;Zigzaton de Galar;52;0,0029
516;Melancolux;52;0,0029
517;Polarhume;52;0,0029
518;Tutafeh;52;0,0029
519;Amagara;52;0,0029
520;Flagadoss de Galar;52;0,0029
521;Zarbi;51;0,0028
522;Leveinard;51;0,0028
523;Draieul;51;0,0028
524;Dodoala;51;0,0028
525;Banshitrouye;51;0,0028
526;Pyronille;51;0,0028
527;Darumarond de Galar;50;0,0028
528;Persian;50;0,0028
529;Bebecaille;50;0,0028
530;Queulorior;50;0,0028
531;Medhyena;50;0,0028
532;Macronium;50;0,0028
533;Skelenox;50;0,0028
534;Sabelette d'Alola;50;0,0028
535;Monthracite;49;0,0027
536;Dedenne;49;0,0027
537;Trousselin;49;0,0027
538;Prismillon;49;0,0027
539;Polagriffe;49;0,0027
540;Verpom;49;0,0027
541;Sonistrelle;49;0,0027
542;Hypocean;49;0,0027
543;Torgamord;48;0,0027
544;Demanta;48;0,0027
545;Seracrawl;47;0,0026
546;Hexagel;47;0,0026
547;Lamantine;47;0,0026
548;Diamat;47;0,0026
549;Teddiursa;47;0,0026
550;Dunaconda;47;0,0026
551;Relicanth;46;0,0026
552;Etourvol;46;0,0026
553;Chenipan;46;0,0026
554;Lineon;46;0,0026
555;Crabaraque;46;0,0026
556;Roigada de Galar;46;0,0026
557;Pitrouille;46;0,0026
558;Smogogo de Galar;46;0,0026
559;Darumarond;45;0,0025
560;Limaspeed;45;0,0025
561;Poulpaf;45;0,0025
562;Draby;45;0,0025
563;Chapotus;45;0,0025
564;Kapoera;44;0,0024
565;Stalgamin;44;0,0024
566;Boskara;44;0,0024
567;Helionceau;44;0,0024
568;Lainergie;43;0,0024
569;Charmillon;43;0,0024
570;Fermite;43;0,0024
571;Fantominus;43;0,0024
572;Volcaropod;43;0,0024
573;M. Glaquette;43;0,0024
574;Grodoudou;43;0,0024
575;Siderella;43;0,0024
576;Castorno;43;0,0024
577;Kadabra;43;0,0024
578;Vortente;43;0,0024
579;Ecaid;43;0,0024
580;Teraclope;43;0,0024
581;Tylton;42;0,0023
582;Machopeur;42;0,0023
583;Chinchidou;42;0,0023
584;Maracachi;42;0,0023
585;Scobolide;42;0,0023
586;Skitty;42;0,0023
587;Venipatte;42;0,0023
588;Ceriflor;42;0,0023
589;Phione;42;0,0023
590;Dodrio;42;0,0023
591;Amonistar;42;0,0023
592;Vorasterie;41;0,0023
593;Colimucus;41;0,0023
594;Galvagla;41;0,0023
595;Lakmecygne;41;0,0023
596;Excavarenne;41;0,0023
597;Togedemaru;41;0,0023
598;Noadkoko d'Alola;41;0,0023
599;M. Mime;41;0,0023
600;Pifeuil;41;0,0023
601;Tetarte;41;0,0023
602;Leuphorie;41;0,0023
603;Grotichon;41;0,0023
604;Marcacrin;41;0,0023
605;Psystigri;41;0,0023
606;Leopardus;41;0,0023
607;Triopikeur;41;0,0023
608;Grolem d'Alola;40;0,0022
609;Hariyama;40;0,0022
610;Cochignon;40;0,0022
611;Scarabrute;40;0,0022
612;Negapi;39;0,0022
613;Melokrik;39;0,0022
614;Boumata;39;0,0022
615;Berserkatt;39;0,0022
616;Carapagos;39;0,0022
617;Balignon;39;0,0022
618;Barbicha;39;0,0022
619;Dynavolt;39;0,0022
620;Maskadra;38;0,0021
621;Minisange;38;0,0021
622;Rongrigou;38;0,0021
623;Marill;38;0,0021
624;Flingouste;38;0,0021
625;Rozbouton;38;0,0021
626;Ferosinge;38;0,0021
627;Magmar;38;0,0021
628;Migalos;37;0,0021
629;Spoink;37;0,0021
630;Bleuseille;37;0,0021
631;Fourbelin;37;0,0021
632;Cacnea;37;0,0021
633;Anchwatt;37;0,0021
634;Dinoclier;37;0,0021
635;Hippopotas;37;0,0021
636;Aeromite;37;0,0021
637;Malosse;37;0,0021
638;Magneti;37;0,0021
639;Saquedeneu;37;0,0021
640;Joliflor;36;0,002
641;Cosmovum;36;0,002
642;Rattata;36;0,002
643;Kecleon;36;0,002
644;Ptitard;36;0,002
645;Melofee;35;0,0019
646;Vivaldaim;35;0,0019
647;Cabriolaine;35;0,0019
648;Natu;35;0,0019
649;Lineon de Galar;35;0,0019
650;Nirondelle;35;0,0019
651;Tutafeh de Galar;35;0,0019
652;Sorbebe;35;0,0019
653;Posipi;35;0,0019
654;Mushana;35;0,0019
655;Noadkoko;35;0,0019
656;Deflaisan;35;0,0019
657;Simularbre;35;0,0019
658;Candine;34;0,0019
659;Scalpion;34;0,0019
660;Quartermac;34;0,0019
661;Crabicoque;34;0,0019
662;Drackhaus;34;0,0019
663;Plumeline;34;0,0019
664;Galvaran;34;0,0019
665;Furaiglon;34;0,0019
666;Corayon;34;0,0019
667;Parasect;33;0,0018
668;Wimessir;33;0,0018
669;Nosferalto;33;0,0018
670;Otarlette;33;0,0018
671;Ramoloss de Galar;33;0,0018
672;Bombydou;33;0,0018
673;Nidoran?;33;0,0018
674;Amonita;32;0,0018
675;Bacabouh;32;0,0018
676;Cupcanaille;32;0,0018
677;Avaltout;32;0,0018
678;Blizzi;32;0,0018
679;Nanmeouie;32;0,0018
680;Kungfouine;32;0,0018
681;Arrozard;32;0,0018
682;Cremy;32;0,0018
683;Mystherbe;32;0,0018
684;Roucoups;31;0,0017
685;Neitram;31;0,0017
686;Morpheo;31;0,0017
687;Moumouflon;31;0,0017
688;Miasmax;31;0,0017
689;Geolithe;31;0,0017
690;Couverdure;31;0,0017
691;Cadoizo;31;0,0017
692;Spododo;31;0,0017
693;Incisache;31;0,0017
694;Goupilou;31;0,0017
695;Aflamanoir;30;0,0017
696;Hydragla;30;0,0017
697;Rototaupe;30;0,0017
698;Golgopathe;30;0,0017
699;Nenupiot;30;0,0017
700;Parecool;30;0,0017
701;Elekid;30;0,0017
702;Papinox;30;0,0017
703;Grainipiot;30;0,0017
704;Phogleur;30;0,0017
705;Moufflair;30;0,0017
706;Gaulet;30;0,0017
707;Rhinocorne;30;0,0017
708;Wattapik;30;0,0017
709;Blancoton;29;0,0016
710;Hypotrempe;29;0,0016
711;Grimalin;29;0,0016
712;Wailmer;29;0,0016
713;Barpau;29;0,0016
714;Rapion;29;0,0016
715;Zebibron;29;0,0016
716;Doudouvet;29;0,0016
717;Frison;29;0,0016
718;Delcatty;29;0,0016
719;Chlorobule;29;0,0016
720;Ceribou;28;0,0016
721;Nucleos;28;0,0016
722;Theffroi;28;0,0016
723;Bibichut;28;0,0016
724;Korillon;28;0,0016
725;Flabebe;28;0,0016
726;Electrode;28;0,0016
727;Roublenard;28;0,0016
728;Poichigeon;27;0,0015
729;Grindur;27;0,0015
730;Gringolem;27;0,0015
731;Chamallot;27;0,0015
732;Karaclee;27;0,0015
733;Tic;27;0,0015
734;Nosferapti;27;0,0015
735;Spinda;27;0,0015
736;Roucool;27;0,0015
737;Chenipotte;26;0,0014
738;Yanma;26;0,0014
739;Coudlangue;26;0,0014
740;Pachyradjah;26;0,0014
741;Chetiflor;26;0,0014
742;Feuillajou;26;0,0014
743;Sovkipou;26;0,0014
744;Badabouin;26;0,0014
745;Lampignon;26;0,0014
746;Aspicot;26;0,0014
747;Qwilfish;25;0,0014
748;Couaneton;25;0,0014
749;Seleroc;25;0,0014
750;Solaroc;25;0,0014
751;Rongourmand;25;0,0014
752;Lombre;25;0,0014
753;Goelise;25;0,0014
754;Rhinolove;25;0,0014
755;Batracne;25;0,0014
756;Okeoke;25;0,0014
757;Sucroquin;25;0,0014
758;Ponchiot;25;0,0014
759;Mimitoss;25;0,0014
760;Stari;25;0,0014
761;Nodulithe;25;0,0014
762;Vigoroth;25;0,0014
763;Racaillou;24;0,0013
764;Carvanha;24;0,0013
765;Chaglam;24;0,0013
766;Mesmerella;24;0,0013
767;Sorboul;24;0,0013
768;Limonde;24;0,0013
769;Croquine;24;0,0013
770;Feuiloutan;24;0,0013
771;Taupiqueur;23;0,0013
772;Limagma;23;0,0013
773;Tentacool;23;0,0013
774;Miamiasme;23;0,0013
775;Ramboum;23;0,0013
776;Rosabyss;23;0,0013
777;Babimanta;23;0,0013
778;Sapereau;23;0,0013
779;Krabby;23;0,0013
780;Picassaut;23;0,0013
781;Tarinorme;23;0,0013
782;Viskuse;23;0,0013
783;Nidorino;23;0,0013
784;Hypnomade;23;0,0013
785;Chrysacier;23;0,0013
786;Loupio;23;0,0013
787;Lamperoie;23;0,0013
788;Meios;23;0,0013
789;Judokrak;23;0,0013
790;Denticrisse;22;0,0012
791;Boguerisse;22;0,0012
792;Rapasdepic;22;0,0012
793;Anorith;22;0,0012
794;Trompignon;22;0,0012
795;Chrysapile;22;0,0012
796;Araqua;22;0,0012
797;Mimantis;22;0,0012
798;Ymphect;22;0,0012
799;Polichombr;22;0,0012
800;Miaouss de Galar;22;0,0012
801;Scrutella;22;0,0012
802;Kabuto;22;0,0012
803;Guerilande;22;0,0012
804;Emogal;21;0,0012
805;Abo;21;0,0012
806;Fouinette;21;0,0012
807;Doduo;21;0,0012
808;Granbull;21;0,0012
809;Toudoudou;21;0,0012
810;Crikzik;21;0,0012
811;Papilord;21;0,0012
812;Charbi;21;0,0012
813;Grelaçon;21;0,0012
814;Tiboudet;20;0,0011
815;Clic;20;0,0011
816;Grillepattes;20;0,0011
817;Chuchmur;20;0,0011
818;Boustiflor;20;0,0011
819;Mime Jr.;20;0,0011
820;Flotajou;20;0,0011
821;Crabominable;20;0,0011
822;Gloupti;20;0,0011
823;Strassie;20;0,0011
824;Larveyette;20;0,0011
825;Magby;20;0,0011
826;Sepiatop;20;0,0011
827;Nidoran?;20;0,0011
828;M. Mime de Galar;20;0,0011
829;Chovsourir;20;0,0011
830;Dunaja;20;0,0011
831;Melo;19;0,0011
832;Arakdo;19;0,0011
833;Cerfrousse;19;0,0011
834;Hoothoot;19;0,0011
835;Ecayon;19;0,0011
836;Serpang;19;0,0011
837;Peregrain;19;0,0011
838;Ponchien;19;0,0011
839;Apitrini;19;0,0011
840;Archeomire;19;0,0011
841;Flamoutan;19;0,0011
842;Piclairon;19;0,0011
843;Lepidonille;19;0,0011
844;Venalgue;19;0,0011
845;Coleodome;19;0,0011
846;Kokiyas;19;0,0011
847;Flamajou;19;0,0011
848;Couafarel;19;0,0011
849;Smogo;19;0,0011
850;Lippoutou;19;0,0011
851;Flotoutan;19;0,0011
852;Embrochet;18;0,001
853;Miaouss d'Alola;18;0,001
854;Machoc;18;0,001
855;Manzai;18;0,001
856;Dolman;18;0,001
857;Chaffreux;18;0,001
858;Rattatac;18;0,001
859;Excelangue;18;0,001
860;Otaria;18;0,001
861;Tritonde;18;0,001
862;Triopikeur d'Alola;18;0,001
863;Escargaume;18;0,001
864;Mimigal;18;0,001
865;Lewsor;18;0,001
866;Lippouti;17;0,0009
867;Paras;17;0,0009
868;Tournegrin;17;0,0009
869;Munna;17;0,0009
870;Gravalanch;17;0,0009
871;Nidorina;17;0,0009
872;Racaillou d'Alola;17;0,0009
873;Debugant;17;0,0009
874;Lovdisc;17;0,0009
875;Bargantua;17;0,0009
876;Crabagarre;17;0,0009
877;Cheniti;17;0,0009
878;Coquiperl;17;0,0009
879;Larvibule;17;0,0009
880;Voltorbe;17;0,0009
881;Soporifik;16;0,0009
882;Chacripan;16;0,0009
883;Gravalanch d'Alola;16;0,0009
884;Pomdepik;16;0,0009
885;Ningale;16;0,0009
886;Charpenti;16;0,0009
887;Vostourno;16;0,0009
888;Meditikka;16;0,0009
889;Gouroutan;16;0,0009
890;Limonde de Galar;16;0,0009
891;Balbuto;16;0,0009
892;Makuhita;15;0,0008
893;Granivol;15;0,0008
894;Khelocrok;15;0,0008
895;Tadmorv;15;0,0008
896;Rattata d'Alola;15;0,0008
897;Cocotine;15;0,0008
898;Coxy;14;0,0008
899;Miradar;14;0,0008
900;Rattatac d'Alola;14;0,0008
901;Snubbull;14;0,0008
902;Barloche;14;0,0008
903;Larvadar;14;0,0008
904;Cheniselle;14;0,0008
905;Mamanbo;14;0,0008
906;Ortide;14;0,0008
907;Tournicoton;14;0,0008
908;Lilia;14;0,0008
909;Colombeau;14;0,0008
910;Ouvrifier;14;0,0008
911;Groret;13;0,0007
912;Blindalys;13;0,0007
913;Carabing;13;0,0007
914;Wagomine;13;0,0007
915;Charibari;13;0,0007
916;Ptiravi;13;0,0007
917;Persian d'Alola;13;0,0007
918;Piafabec;13;0,0007
919;Poissoroy;13;0,0007
920;Armulys;13;0,0007
921;Floravol;13;0,0007
922;Argouste;12;0,0007
923;Ratentif;12;0,0007
924;Coconfort;12;0,0007
925;Remoraid;12;0,0007
926;Tadmorv d'Alola;12;0,0007
927;Fluvetin;11;0,0006
928;Tarinor;11;0,0006
929;Lumivole;11;0,0006
930;Moufouette;11;0,0006
931;Taupiqueur d'Alola;11;0,0006
932;Poissirene;11;0,0006
933;Muciole;11;0,0006
934;Manglouton;10;0,0006
935;Opermine;9;0,0005
936;Noeunoeuf;8;0,0004
