Classement,Pokémon,Nombre de votes,% de joueurs ayant vote pour
1,Carchacrok,2190,"12,16%"
2,Ectoplasma,1999,"11,10%"
3,Rayquaza,1672,"9,29%"
4,Amphinobi,1654,"9,19%"
5,Lucario,1441,"8,00%"
6,Laggron,1320,"7,33%"
7,Dracaufeu,1310,"7,28%"
8,Simiabraz,1288,"7,15%"
9,Tyranocif,1275,"7,08%"
10,Metalosse,1269,"7,05%"
11,Cizayox,1235,"6,86%"
12,Jungko,1140,"6,33%"
13,Brasegali,1137,"6,32%"
14,Gardevoir,1134,"6,30%"
15,Pingoleon,1128,"6,27%"
16,Libegon,976,"5,42%"
17,Scorvol,956,"5,31%"
18,Yveltal,925,"5,14%"
19,Noctali,915,"5,08%"
20,Dracolosse,903,"5,02%"
21,Lugia,890,"4,94%"
22,Etouraptor,860,"4,78%"
23,Pyrax,857,"4,76%"
24,Luxray,842,"4,68%"
25,Darkrai,842,"4,68%"
26,Exagide,804,"4,47%"
27,Typhlosion,794,"4,41%"
28,Arcanin,788,"4,38%"
29,Archeduc,777,"4,32%"
30,Trioxhydre,776,"4,31%"
31,Lugulabre,774,"4,30%"
32,Milobellus,772,"4,29%"
33,Giratina,760,"4,22%"
34,Zoroark,728,"4,04%"
35,Majaspic,722,"4,01%"
36,Lanssorien,721,"4,00%"
37,Aligatueur,717,"3,98%"
38,Mimiqui,691,"3,84%"
39,Drattak,686,"3,81%"
40,Torterra,673,"3,74%"
41,Galeking,663,"3,68%"
42,Mewtwo,663,"3,68%"
43,Leviator,609,"3,38%"
44,Kyogre,602,"3,34%"
45,Nostenfer,575,"3,19%"
46,Arceus,563,"3,13%"
47,Evoli,563,"3,13%"
48,Gobou,561,"3,12%"
49,Groudon,560,"3,11%"
50,Gallame,556,"3,09%"
51,Ho-Oh,556,"3,09%"
52,Feunard d'Alola,553,"3,07%"
53,Mentali,545,"3,03%"
54,Dialga,538,"2,99%"
55,Crocorible,531,"2,95%"
56,Bulbizarre,527,"2,93%"
57,Absol,518,"2,88%"
58,Zekrom,501,"2,78%"
59,Ronflex,498,"2,77%"
60,Dimoret,498,"2,77%"
61,Nymphali,497,"2,76%"
62,Suicune,495,"2,75%"
63,Corvaillus,495,"2,75%"
64,Salarsen,494,"2,74%"
65,Chapignon,492,"2,73%"
66,Tortank,491,"2,73%"
67,Lougaroc,484,"2,69%"
68,Alakazam,483,"2,68%"
69,Pyrobut,477,"2,65%"
70,Togekiss,470,"2,61%"
71,Nidoking,469,"2,60%"
72,Electhor,467,"2,59%"
73,Zeraora,467,"2,59%"
74,Mew,467,"2,59%"
75,Xerneas,462,"2,57%"
76,Flambusard,461,"2,56%"
77,Victini,457,"2,54%"
78,Roserade,454,"2,52%"
79,Pharamp,446,"2,48%"
80,Scalproie,443,"2,46%"
81,Givrali,441,"2,45%"
82,Marshadow,440,"2,44%"
83,Porygon-Z,439,"2,44%"
84,Momartik,429,"2,38%"
85,Massko,422,"2,34%"
86,Feunard,419,"2,33%"
87,Azumarill,412,"2,29%"
88,Mysdibule,409,"2,27%"
89,Scarhino,406,"2,26%"
90,Shaymin,406,"2,26%"
91,Voltali,398,"2,21%"
92,Rexillius,390,"2,17%"
93,Phyllali,385,"2,14%"
94,Aquali,380,"2,11%"
95,Reshiram,380,"2,11%"
96,Bruyverne,380,"2,11%"
97,Deoxys,375,"2,08%"
98,Corboss,374,"2,08%"
99,Latias,373,"2,07%"
100,Florizarre,372,"2,07%"
101,Hericendre,370,"2,06%"
102,Minotaupe,370,"2,06%"
103,Mammochon,369,"2,05%"
104,Lokhlass,368,"2,04%"
105,Tiplouf,359,"1,99%"
106,Tranchodon,359,"1,99%"
107,Zacian,357,"1,98%"
108,Shifours,354,"1,97%"
109,Jirachi,352,"1,96%"
110,Brindibou,350,"1,94%"
111,Demolosse,349,"1,94%"
112,Kaiminus,347,"1,93%"
113,Zorua,343,"1,91%"
114,Elekable,334,"1,86%"
115,Latios,333,"1,85%"
116,Pikachu,329,"1,83%"
117,Artikodin,329,"1,83%"
118,Felinferno,326,"1,81%"
119,Magnezone,323,"1,79%"
120,Oratoria,319,"1,77%"
121,Motisma,316,"1,76%"
122,Ohmassacre,312,"1,73%"
123,Palkia,305,"1,69%"
124,Coatox,304,"1,69%"
125,Raikou,302,"1,68%"
126,Steelix,297,"1,65%"
127,Tortipouss,290,"1,61%"
128,Brutapode,289,"1,61%"
129,Ossateur d'Alola,281,"1,56%"
130,Muplodocus,278,"1,54%"
131,Carapuce,275,"1,53%"
132,Lunala,274,"1,52%"
133,Kyurem,274,"1,52%"
134,Meloetta,272,"1,51%"
135,Clamiral,272,"1,51%"
136,Vipelierre,269,"1,49%"
137,Heatran,268,"1,49%"
138,Katagami,266,"1,48%"
139,Keunotor,264,"1,47%"
140,Symbios,258,"1,43%"
141,Lockpin,257,"1,43%"
142,Hyporoi,256,"1,42%"
143,Regieleki,252,"1,40%"
144,Sarmurai,251,"1,39%"
145,Roucarnage,248,"1,38%"
146,Celebi,244,"1,36%"
147,Heliatronc,242,"1,34%"
148,Noctunoir,242,"1,34%"
149,Spiritomb,241,"1,34%"
150,Draco,237,"1,32%"
151,Drascore,236,"1,31%"
152,Altaria,234,"1,30%"
153,Tokorico,229,"1,27%"
154,Goupix d'Alola,228,"1,27%"
155,Moustillon,227,"1,26%"
156,Ekaiser,227,"1,26%"
157,Malamandre,227,"1,26%"
158,Zygarde,226,"1,26%"
159,Ixon,224,"1,24%"
160,Colhomard,221,"1,23%"
161,Arcko,218,"1,21%"
162,Magireve,217,"1,21%"
163,Noacier,212,"1,18%"
164,Poussifeu,211,"1,17%"
165,Salameche,210,"1,17%"
166,Entei,210,"1,17%"
167,Keldeo,207,"1,15%"
168,Mackogneur,206,"1,14%"
169,Necrozma,206,"1,14%"
170,Hoopa,206,"1,14%"
171,Riolu,205,"1,14%"
172,Mygavolt,204,"1,13%"
173,Goupelin,202,"1,12%"
174,Demeteros,202,"1,12%"
175,Maraiste,199,"1,11%"
176,Diancie,198,"1,10%"
177,Kabutops,196,"1,09%"
178,Pyroli,195,"1,08%"
179,Chelours,193,"1,07%"
180,Hippodocus,192,"1,07%"
181,Solgaleo,192,"1,07%"
182,Flagadoss,189,"1,05%"
183,Insecateur,189,"1,05%"
184,Branette,187,"1,04%"
185,Metamorph,185,"1,03%"
186,Regigigas,184,"1,02%"
187,Tengalice,184,"1,02%"
188,Rhinastoc,183,"1,02%"
189,Feurisson,182,"1,01%"
190,Tritosor,181,"1,01%"
191,Spectreval,181,"1,01%"
192,Flamiaou,180,"1,00%"
193,Brutalibre,180,"1,00%"
194,Elecsprint,179,"0,99%"
195,Mateloutre,179,"0,99%"
196,Manaphy,177,"0,98%"
197,Mustebouee,176,"0,98%"
198,Golemastoc,174,"0,97%"
199,Spectrum,174,"0,97%"
200,Goupix,174,"0,97%"
201,Gorythmic,173,"0,96%"
202,Sharpedo,173,"0,96%"
203,Angoliath,170,"0,94%"
204,Raichu,169,"0,94%"
205,Gueriaigle,168,"0,93%"
206,Psykokwak,168,"0,93%"
207,Darumacho,167,"0,93%"
208,Ptera,163,"0,91%"
209,Darumacho de Galar,162,"0,90%"
210,Sulfura de Galar,161,"0,89%"
211,Raichu d'Alola,161,"0,89%"
212,Ludicolo,161,"0,89%"
213,Sucreine,160,"0,89%"
214,Baggaid,160,"0,89%"
215,Lezargus,158,"0,88%"
216,Lixy,157,"0,87%"
217,Ouisticram,157,"0,87%"
218,Genesect,157,"0,87%"
219,Feunnec,155,"0,86%"
220,Yanmega,154,"0,86%"
221,Gamblast,153,"0,85%"
222,Tenefix,152,"0,84%"
223,Charkos,151,"0,84%"
224,Fragilady,151,"0,84%"
225,Roitiflam,150,"0,83%"
226,Flambino,150,"0,83%"
227,Tutankafer,150,"0,83%"
228,Airmure,148,"0,82%"
229,Munja,148,"0,82%"
230,Musteflott,147,"0,82%"
231,Obalie,147,"0,82%"
232,Hydragon,143,"0,79%"
233,Sorcilence,142,"0,79%"
234,Melmetal,142,"0,79%"
235,Donphan,142,"0,79%"
236,Scolocendre,142,"0,79%"
237,Predasterie,141,"0,78%"
238,Silvallie,140,"0,78%"
239,Mandrillon,139,"0,77%"
240,Fulguris,138,"0,77%"
241,Dragmara,137,"0,76%"
242,Roussil,137,"0,76%"
243,Grenousse,137,"0,76%"
244,Dardargnan,136,"0,76%"
245,Tokopiyon,135,"0,75%"
246,Gigalithe,134,"0,74%"
247,Magearna,134,"0,74%"
248,Electhor de Galar,131,"0,73%"
249,Kaimorse,131,"0,73%"
250,Farfaduvet,131,"0,73%"
251,Floramantis,130,"0,72%"
252,Sablaireau,130,"0,72%"
253,Magicarpe,129,"0,72%"
254,Sablaireau d'Alola,127,"0,71%"
255,Minidraco,127,"0,71%"
256,Lucanon,125,"0,69%"
257,Staross,124,"0,69%"
258,Meganium,123,"0,68%"
259,Germignon,123,"0,68%"
260,Maganon,123,"0,68%"
261,Mistigrix,123,"0,68%"
262,Volcanion,122,"0,68%"
263,Griknot,121,"0,67%"
264,Dratatin,121,"0,67%"
265,Moumouton,121,"0,67%"
266,Tarsal,120,"0,67%"
267,Kravarech,120,"0,67%"
268,Zamazenta,119,"0,66%"
269,Shaofouine,117,"0,65%"
270,Tokopisco,117,"0,65%"
271,Herbizarre,117,"0,65%"
272,Mangriff,117,"0,65%"
273,Ossatueur,113,"0,63%"
274,Osselait,113,"0,63%"
275,Wattouat,111,"0,62%"
276,Ouistempo,111,"0,62%"
277,Charmilly,111,"0,62%"
278,Regidrago,111,"0,62%"
279,Ethernatos,110,"0,61%"
280,Caninos,110,"0,61%"
281,Rocabot,110,"0,61%"
282,Crefadet,110,"0,61%"
283,Galekid,108,"0,60%"
284,Scorplane,108,"0,60%"
285,Gruikui,107,"0,59%"
286,Manternel,107,"0,59%"
287,Galopa,107,"0,59%"
288,Sulfura,107,"0,59%"
289,Palarticho,107,"0,59%"
290,Axoloto,107,"0,59%"
291,Beldeneige,107,"0,59%"
292,Nemelios,107,"0,59%"
293,Heledelle,106,"0,59%"
294,Pashmilla,106,"0,59%"
295,Goinfrex,105,"0,58%"
296,Otaquin,105,"0,58%"
297,Desseliande,105,"0,58%"
298,Larmeleon,105,"0,58%"
299,Betochef,104,"0,58%"
300,Nigosier,104,"0,58%"
301,Ramoloss,104,"0,58%"
302,Cancrelove,103,"0,57%"
303,Fouinar,102,"0,57%"
304,Blindepique,102,"0,57%"
305,Hexadron,102,"0,57%"
306,Pichu,102,"0,57%"
307,Tartard,102,"0,57%"
308,Ponyta de Galar,101,"0,56%"
309,Wailord,101,"0,56%"
310,Meteno,100,"0,56%"
311,Cobaltium,100,"0,56%"
312,Insolourdo,99,"0,55%"
313,Embrylex,98,"0,54%"
314,Archeodong,97,"0,54%"
315,Rondoudou,97,"0,54%"
316,Camerupt,97,"0,54%"
317,Wushours,97,"0,54%"
318,Carabaffe,97,"0,54%"
319,Phanpy,97,"0,54%"
320,Polthegeist,97,"0,54%"
321,Blizzaroi,97,"0,54%"
322,Grolem,97,"0,54%"
323,Brouhabam,96,"0,53%"
324,Crustabri,96,"0,53%"
325,Tokotoro,95,"0,53%"
326,Farfuret,95,"0,53%"
327,Lapyro,95,"0,53%"
328,Cresselia,95,"0,53%"
329,Corayon de Galar,95,"0,53%"
330,Trepassable,95,"0,53%"
331,Zarude,95,"0,53%"
332,Chimpenfeu,95,"0,53%"
333,Lançargot,94,"0,52%"
334,Tarenbulle,94,"0,52%"
335,Pierroteknik,94,"0,52%"
336,Tarpaud,94,"0,52%"
337,Iguolta,94,"0,52%"
338,Roigada,93,"0,52%"
339,Lanturn,93,"0,52%"
340,Tentacruel,93,"0,52%"
341,Bekaglaçon,93,"0,52%"
342,Sylveroy,92,"0,51%"
343,Rhinoferos,92,"0,51%"
344,Crapustule,92,"0,51%"
345,Cradopaud,92,"0,51%"
346,Funecire,92,"0,51%"
347,Aeropteryx,92,"0,51%"
348,Cacturne,91,"0,51%"
349,Pandarbare,91,"0,51%"
350,Matoufeu,91,"0,51%"
351,Nidoqueen,91,"0,51%"
352,Bastiodon,91,"0,51%"
353,Cornebre,90,"0,50%"
354,Oniglali,90,"0,50%"
355,Tutetekri,90,"0,50%"
356,Sabelette,89,"0,49%"
357,Boreas,89,"0,49%"
358,Grahyena,89,"0,49%"
359,Grodrive,89,"0,49%"
360,Colossinge,88,"0,49%"
361,Cliticlic,88,"0,49%"
362,Escroco,88,"0,49%"
363,Carmache,87,"0,48%"
364,Frissonille,87,"0,48%"
365,Cablifere,86,"0,48%"
366,Bazoucan,86,"0,48%"
367,Togepi,86,"0,48%"
368,Papilusion,86,"0,48%"
369,Feuforeve,86,"0,48%"
370,Rubombelle,84,"0,47%"
371,Kicklee,83,"0,46%"
372,Pomdrapi,83,"0,46%"
373,Toxizap,83,"0,46%"
374,Marisson,83,"0,46%"
375,Zeroid,82,"0,46%"
376,Zeblitz,82,"0,46%"
377,Lianaja,82,"0,46%"
378,Statitik,81,"0,45%"
379,Flobio,81,"0,45%"
380,Mucuscule,81,"0,45%"
381,Vemini,80,"0,44%"
382,Kirlia,79,"0,44%"
383,Regice,79,"0,44%"
384,Morpeko,79,"0,44%"
385,Croaporal,79,"0,44%"
386,Bourrinos,79,"0,44%"
387,Reptincel,78,"0,43%"
388,Pachirisu,78,"0,43%"
389,Bamboiselle,78,"0,43%"
390,Viridium,78,"0,43%"
391,Monaflemit,78,"0,43%"
392,Caratroc,77,"0,43%"
393,Luxio,77,"0,43%"
394,Porygon2,77,"0,43%"
395,Krabboss,77,"0,43%"
396,Abra,77,"0,43%"
397,Grotadmorv,76,"0,42%"
398,Tauros,76,"0,42%"
399,Galifeu,75,"0,42%"
400,Dimocles,75,"0,42%"
401,Kangourex,75,"0,42%"
402,Nounourson,75,"0,42%"
403,Cryptero,75,"0,42%"
404,Tropius,74,"0,41%"
405,Braisillon,74,"0,41%"
406,Crehelf,74,"0,41%"
407,Coupenotte,74,"0,41%"
408,Mascaiman,73,"0,41%"
409,Haydaim,73,"0,41%"
410,Armaldo,73,"0,41%"
411,Monorpale,73,"0,41%"
412,Canarticho,72,"0,40%"
413,Tygnon,72,"0,40%"
414,Ptyranidur,72,"0,40%"
415,Magneton,71,"0,39%"
416,Capumain,71,"0,39%"
417,Froussardine,69,"0,38%"
418,Type:0,69,"0,38%"
419,Ninjask,69,"0,38%"
420,Crocrodil,69,"0,38%"
421,Chevroum,69,"0,38%"
422,Rafflesia,69,"0,38%"
423,Galopa de Galar,68,"0,38%"
424,Florges,68,"0,38%"
425,Pijako,68,"0,38%"
426,Bekipan,68,"0,38%"
427,Akwakwak,68,"0,38%"
428,Ponyta,68,"0,38%"
429,Porygon,68,"0,38%"
430,Mouscoto,67,"0,37%"
431,Xatu,67,"0,37%"
432,Regirock,67,"0,37%"
433,Seviper,67,"0,37%"
434,Qulbutoke,67,"0,37%"
435,Artikodin de Galar,66,"0,37%"
436,Etourmi,66,"0,37%"
437,Bouldeneu,66,"0,37%"
438,Registeel,66,"0,37%"
439,Brocelome,66,"0,37%"
440,Terrakium,66,"0,37%"
441,Arbok,65,"0,36%"
442,Apireine,65,"0,36%"
443,Sepiatroce,65,"0,36%"
444,Mastouffe,65,"0,36%"
445,Cosmog,64,"0,36%"
446,Capidextre,64,"0,36%"
447,Passerouge,64,"0,36%"
448,Krakos,64,"0,36%"
449,Sorbouboul,64,"0,36%"
450,Kraknoix,64,"0,36%"
451,Solochi,64,"0,36%"
452,Onix,63,"0,35%"
453,Elektek,63,"0,35%"
454,Galegon,63,"0,35%"
455,Emolga,63,"0,35%"
456,Fantyrm,62,"0,34%"
457,Miaouss,62,"0,34%"
458,Drakkarmin,61,"0,34%"
459,Empiflor,61,"0,34%"
460,Pandespiegle,61,"0,34%"
461,Smogogo,60,"0,33%"
462,Baggiguane,60,"0,33%"
463,Ecrapince,60,"0,33%"
464,Sinistrail,59,"0,33%"
465,Charmina,59,"0,33%"
466,Arkeapti,59,"0,33%"
467,Laporeille,59,"0,33%"
468,Kranidos,59,"0,33%"
469,Kaorine,59,"0,33%"
470,Zigzaton,58,"0,32%"
471,Grotadmorv d'Alola,58,"0,32%"
472,Canarticho de Galar,58,"0,32%"
473,Cotovol,58,"0,32%"
474,Blizzeval,58,"0,32%"
475,Crefollet,58,"0,32%"
476,Concombaffe,58,"0,32%"
477,Vibraninf,57,"0,32%"
478,Foretress,57,"0,32%"
479,Roselia,57,"0,32%"
480,Fulgudog,57,"0,32%"
481,Melodelfe,57,"0,32%"
482,Astronelle,57,"0,32%"
483,Prinplouf,57,"0,32%"
484,Vacilys,57,"0,32%"
485,Terhal,57,"0,32%"
486,Megapagos,57,"0,32%"
487,Eoko,56,"0,31%"
488,Lumineon,56,"0,31%"
489,Chartor,56,"0,31%"
490,Girafarig,56,"0,31%"
491,Baudrive,56,"0,31%"
492,Tritox,56,"0,31%"
493,Voltoutou,55,"0,31%"
494,Moyade,55,"0,31%"
495,Galvagon,55,"0,31%"
496,Octillery,55,"0,31%"
497,Ursaring,55,"0,31%"
498,Effleche,55,"0,31%"
499,Sancoki,55,"0,31%"
500,Meltan,55,"0,31%"
501,Dispareptil,54,"0,30%"
502,Ecremeuh,54,"0,30%"
503,Duralugon,54,"0,30%"
504,Azurill,54,"0,30%"
505,Noarfang,54,"0,30%"
506,Floette,54,"0,30%"
507,Engloutyran,54,"0,30%"
508,Metang,54,"0,30%"
509,Togetic,54,"0,30%"
510,Vaututrice,53,"0,29%"
511,Coxyclaque,53,"0,29%"
512,Corayome,53,"0,29%"
513,Ama-Ama,52,"0,29%"
514,Zigzaton de Galar,52,"0,29%"
515,Melancolux,52,"0,29%"
516,Polarhume,52,"0,29%"
517,Tutafeh,52,"0,29%"
518,Amagara,52,"0,29%"
519,Flagadoss de Galar,52,"0,29%"
520,Zarbi,51,"0,28%"
521,Leveinard,51,"0,28%"
522,Draieul,51,"0,28%"
523,Dodoala,51,"0,28%"
524,Banshitrouye,51,"0,28%"
525,Pyronille,51,"0,28%"
526,Darumarond de Galar,50,"0,28%"
527,Persian,50,"0,28%"
528,Bebecaille,50,"0,28%"
529,Queulorior,50,"0,28%"
530,Medhyena,50,"0,28%"
531,Macronium,50,"0,28%"
532,Skelenox,50,"0,28%"
533,Sabelette d'Alola,50,"0,28%"
534,Monthracite,49,"0,27%"
535,Dedenne,49,"0,27%"
536,Trousselin,49,"0,27%"
537,Prismillon,49,"0,27%"
538,Polagriffe,49,"0,27%"
539,Verpom,49,"0,27%"
540,Sonistrelle,49,"0,27%"
541,Hypocean,49,"0,27%"
542,Torgamord,48,"0,27%"
543,Demanta,48,"0,27%"
544,Seracrawl,47,"0,26%"
545,Hexagel,47,"0,26%"
546,Lamantine,47,"0,26%"
547,Diamat,47,"0,26%"
548,Teddiursa,47,"0,26%"
549,Dunaconda,47,"0,26%"
550,Relicanth,46,"0,26%"
551,Etourvol,46,"0,26%"
552,Chenipan,46,"0,26%"
553,Lineon,46,"0,26%"
554,Crabaraque,46,"0,26%"
555,Roigada de Galar,46,"0,26%"
556,Pitrouille,46,"0,26%"
557,Smogogo de Galar,46,"0,26%"
558,Darumarond,45,"0,25%"
559,Limaspeed,45,"0,25%"
560,Poulpaf,45,"0,25%"
561,Draby,45,"0,25%"
562,Chapotus,45,"0,25%"
563,Kapoera,44,"0,24%"
564,Stalgamin,44,"0,24%"
565,Boskara,44,"0,24%"
566,Helionceau,44,"0,24%"
567,Lainergie,43,"0,24%"
568,Charmillon,43,"0,24%"
569,Fermite,43,"0,24%"
570,Fantominus,43,"0,24%"
571,Volcaropod,43,"0,24%"
572,M. Glaquette,43,"0,24%"
573,Grodoudou,43,"0,24%"
574,Siderella,43,"0,24%"
575,Castorno,43,"0,24%"
576,Kadabra,43,"0,24%"
577,Vortente,43,"0,24%"
578,Ecaid,43,"0,24%"
579,Teraclope,43,"0,24%"
580,Tylton,42,"0,23%"
581,Machopeur,42,"0,23%"
582,Chinchidou,42,"0,23%"
583,Maracachi,42,"0,23%"
584,Scobolide,42,"0,23%"
585,Skitty,42,"0,23%"
586,Venipatte,42,"0,23%"
587,Ceriflor,42,"0,23%"
588,Phione,42,"0,23%"
589,Dodrio,42,"0,23%"
590,Amonistar,42,"0,23%"
591,Vorasterie,41,"0,23%"
592,Colimucus,41,"0,23%"
593,Galvagla,41,"0,23%"
594,Lakmecygne,41,"0,23%"
595,Excavarenne,41,"0,23%"
596,Togedemaru,41,"0,23%"
597,Noadkoko d'Alola,41,"0,23%"
598,M. Mime,41,"0,23%"
599,Pifeuil,41,"0,23%"
600,Tetarte,41,"0,23%"
601,Leuphorie,41,"0,23%"
602,Grotichon,41,"0,23%"
603,Marcacrin,41,"0,23%"
604,Psystigri,41,"0,23%"
605,Leopardus,41,"0,23%"
606,Triopikeur,41,"0,23%"
607,Grolem d'Alola,40,"0,22%"
608,Hariyama,40,"0,22%"
609,Cochignon,40,"0,22%"
610,Scarabrute,40,"0,22%"
611,Negapi,39,"0,22%"
612,Melokrik,39,"0,22%"
613,Boumata,39,"0,22%"
614,Berserkatt,39,"0,22%"
615,Carapagos,39,"0,22%"
616,Balignon,39,"0,22%"
617,Barbicha,39,"0,22%"
618,Dynavolt,39,"0,22%"
619,Maskadra,38,"0,21%"
620,Minisange,38,"0,21%"
621,Rongrigou,38,"0,21%"
622,Marill,38,"0,21%"
623,Flingouste,38,"0,21%"
624,Rozbouton,38,"0,21%"
625,Ferosinge,38,"0,21%"
626,Magmar,38,"0,21%"
627,Migalos,37,"0,21%"
628,Spoink,37,"0,21%"
629,Bleuseille,37,"0,21%"
630,Fourbelin,37,"0,21%"
631,Cacnea,37,"0,21%"
632,Anchwatt,37,"0,21%"
633,Dinoclier,37,"0,21%"
634,Hippopotas,37,"0,21%"
635,Aeromite,37,"0,21%"
636,Malosse,37,"0,21%"
637,Magneti,37,"0,21%"
638,Saquedeneu,37,"0,21%"
639,Joliflor,36,"0,20%"
640,Cosmovum,36,"0,20%"
641,Rattata,36,"0,20%"
642,Kecleon,36,"0,20%"
643,Ptitard,36,"0,20%"
644,Melofee,35,"0,19%"
645,Vivaldaim,35,"0,19%"
646,Cabriolaine,35,"0,19%"
647,Natu,35,"0,19%"
648,Lineon de Galar,35,"0,19%"
649,Nirondelle,35,"0,19%"
650,Tutafeh de Galar,35,"0,19%"
651,Sorbebe,35,"0,19%"
652,Posipi,35,"0,19%"
653,Mushana,35,"0,19%"
654,Noadkoko,35,"0,19%"
655,Deflaisan,35,"0,19%"
656,Simularbre,35,"0,19%"
657,Candine,34,"0,19%"
658,Scalpion,34,"0,19%"
659,Quartermac,34,"0,19%"
660,Crabicoque,34,"0,19%"
661,Drackhaus,34,"0,19%"
662,Plumeline,34,"0,19%"
663,Galvaran,34,"0,19%"
664,Furaiglon,34,"0,19%"
665,Corayon,34,"0,19%"
666,Parasect,33,"0,18%"
667,Wimessir,33,"0,18%"
668,Nosferalto,33,"0,18%"
669,Otarlette,33,"0,18%"
670,Ramoloss de Galar,33,"0,18%"
671,Bombydou,33,"0,18%"
672,Nidoran♂,33,"0,18%"
673,Amonita,32,"0,18%"
674,Bacabouh,32,"0,18%"
675,Cupcanaille,32,"0,18%"
676,Avaltout,32,"0,18%"
677,Blizzi,32,"0,18%"
678,Nanmeouie,32,"0,18%"
679,Kungfouine,32,"0,18%"
680,Arrozard,32,"0,18%"
681,Cremy,32,"0,18%"
682,Mystherbe,32,"0,18%"
683,Roucoups,31,"0,17%"
684,Neitram,31,"0,17%"
685,Morpheo,31,"0,17%"
686,Moumouflon,31,"0,17%"
687,Miasmax,31,"0,17%"
688,Geolithe,31,"0,17%"
689,Couverdure,31,"0,17%"
690,Cadoizo,31,"0,17%"
691,Spododo,31,"0,17%"
692,Incisache,31,"0,17%"
693,Goupilou,31,"0,17%"
694,Aflamanoir,30,"0,17%"
695,Hydragla,30,"0,17%"
696,Rototaupe,30,"0,17%"
697,Golgopathe,30,"0,17%"
698,Nenupiot,30,"0,17%"
699,Parecool,30,"0,17%"
700,Elekid,30,"0,17%"
701,Papinox,30,"0,17%"
702,Grainipiot,30,"0,17%"
703,Phogleur,30,"0,17%"
704,Moufflair,30,"0,17%"
705,Gaulet,30,"0,17%"
706,Rhinocorne,30,"0,17%"
707,Wattapik,30,"0,17%"
708,Blancoton,29,"0,16%"
709,Hypotrempe,29,"0,16%"
710,Grimalin,29,"0,16%"
711,Wailmer,29,"0,16%"
712,Barpau,29,"0,16%"
713,Rapion,29,"0,16%"
714,Zebibron,29,"0,16%"
715,Doudouvet,29,"0,16%"
716,Frison,29,"0,16%"
717,Delcatty,29,"0,16%"
718,Chlorobule,29,"0,16%"
719,Ceribou,28,"0,16%"
720,Nucleos,28,"0,16%"
721,Theffroi,28,"0,16%"
722,Bibichut,28,"0,16%"
723,Korillon,28,"0,16%"
724,Flabebe,28,"0,16%"
725,Electrode,28,"0,16%"
726,Roublenard,28,"0,16%"
727,Poichigeon,27,"0,15%"
728,Grindur,27,"0,15%"
729,Gringolem,27,"0,15%"
730,Chamallot,27,"0,15%"
731,Karaclee,27,"0,15%"
732,Tic,27,"0,15%"
733,Nosferapti,27,"0,15%"
734,Spinda,27,"0,15%"
735,Roucool,27,"0,15%"
736,Chenipotte,26,"0,14%"
737,Yanma,26,"0,14%"
738,Coudlangue,26,"0,14%"
739,Pachyradjah,26,"0,14%"
740,Chetiflor,26,"0,14%"
741,Feuillajou,26,"0,14%"
742,Sovkipou,26,"0,14%"
743,Badabouin,26,"0,14%"
744,Lampignon,26,"0,14%"
745,Aspicot,26,"0,14%"
746,Qwilfish,25,"0,14%"
747,Couaneton,25,"0,14%"
748,Seleroc,25,"0,14%"
749,Solaroc,25,"0,14%"
750,Rongourmand,25,"0,14%"
751,Lombre,25,"0,14%"
752,Goelise,25,"0,14%"
753,Rhinolove,25,"0,14%"
754,Batracne,25,"0,14%"
755,Okeoke,25,"0,14%"
756,Sucroquin,25,"0,14%"
757,Ponchiot,25,"0,14%"
758,Mimitoss,25,"0,14%"
759,Stari,25,"0,14%"
760,Nodulithe,25,"0,14%"
761,Vigoroth,25,"0,14%"
762,Racaillou,24,"0,13%"
763,Carvanha,24,"0,13%"
764,Chaglam,24,"0,13%"
765,Mesmerella,24,"0,13%"
766,Sorboul,24,"0,13%"
767,Limonde,24,"0,13%"
768,Croquine,24,"0,13%"
769,Feuiloutan,24,"0,13%"
770,Taupiqueur,23,"0,13%"
771,Limagma,23,"0,13%"
772,Tentacool,23,"0,13%"
773,Miamiasme,23,"0,13%"
774,Ramboum,23,"0,13%"
775,Rosabyss,23,"0,13%"
776,Babimanta,23,"0,13%"
777,Sapereau,23,"0,13%"
778,Krabby,23,"0,13%"
779,Picassaut,23,"0,13%"
780,Tarinorme,23,"0,13%"
781,Viskuse,23,"0,13%"
782,Nidorino,23,"0,13%"
783,Hypnomade,23,"0,13%"
784,Chrysacier,23,"0,13%"
785,Loupio,23,"0,13%"
786,Lamperoie,23,"0,13%"
787,Meios,23,"0,13%"
788,Judokrak,23,"0,13%"
789,Denticrisse,22,"0,12%"
790,Boguerisse,22,"0,12%"
791,Rapasdepic,22,"0,12%"
792,Anorith,22,"0,12%"
793,Trompignon,22,"0,12%"
794,Chrysapile,22,"0,12%"
795,Araqua,22,"0,12%"
796,Mimantis,22,"0,12%"
797,Ymphect,22,"0,12%"
798,Polichombr,22,"0,12%"
799,Miaouss de Galar,22,"0,12%"
800,Scrutella,22,"0,12%"
801,Kabuto,22,"0,12%"
802,Guerilande,22,"0,12%"
803,Emogal,21,"0,12%"
804,Abo,21,"0,12%"
805,Fouinette,21,"0,12%"
806,Doduo,21,"0,12%"
807,Granbull,21,"0,12%"
808,Toudoudou,21,"0,12%"
809,Crikzik,21,"0,12%"
810,Papilord,21,"0,12%"
811,Charbi,21,"0,12%"
812,Grelaçon,21,"0,12%"
813,Tiboudet,20,"0,11%"
814,Clic,20,"0,11%"
815,Grillepattes,20,"0,11%"
816,Chuchmur,20,"0,11%"
817,Boustiflor,20,"0,11%"
818,Mime Jr.,20,"0,11%"
819,Flotajou,20,"0,11%"
820,Crabominable,20,"0,11%"
821,Gloupti,20,"0,11%"
822,Strassie,20,"0,11%"
823,Larveyette,20,"0,11%"
824,Magby,20,"0,11%"
825,Sepiatop,20,"0,11%"
826,Nidoran♀,20,"0,11%"
827,M. Mime de Galar,20,"0,11%"
828,Chovsourir,20,"0,11%"
829,Dunaja,20,"0,11%"
830,Melo,19,"0,11%"
831,Arakdo,19,"0,11%"
832,Cerfrousse,19,"0,11%"
833,Hoothoot,19,"0,11%"
834,Ecayon,19,"0,11%"
835,Serpang,19,"0,11%"
836,Peregrain,19,"0,11%"
837,Ponchien,19,"0,11%"
838,Apitrini,19,"0,11%"
839,Archeomire,19,"0,11%"
840,Flamoutan,19,"0,11%"
841,Piclairon,19,"0,11%"
842,Lepidonille,19,"0,11%"
843,Venalgue,19,"0,11%"
844,Coleodome,19,"0,11%"
845,Kokiyas,19,"0,11%"
846,Flamajou,19,"0,11%"
847,Couafarel,19,"0,11%"
848,Smogo,19,"0,11%"
849,Lippoutou,19,"0,11%"
850,Flotoutan,19,"0,11%"
851,Embrochet,18,"0,10%"
852,Miaouss d'Alola,18,"0,10%"
853,Machoc,18,"0,10%"
854,Manzai,18,"0,10%"
855,Dolman,18,"0,10%"
856,Chaffreux,18,"0,10%"
857,Rattatac,18,"0,10%"
858,Excelangue,18,"0,10%"
859,Otaria,18,"0,10%"
860,Tritonde,18,"0,10%"
861,Triopikeur d'Alola,18,"0,10%"
862,Escargaume,18,"0,10%"
863,Mimigal,18,"0,10%"
864,Lewsor,18,"0,10%"
865,Lippouti,17,"0,09%"
866,Paras,17,"0,09%"
867,Tournegrin,17,"0,09%"
868,Munna,17,"0,09%"
869,Gravalanch,17,"0,09%"
870,Nidorina,17,"0,09%"
871,Racaillou d'Alola,17,"0,09%"
872,Debugant,17,"0,09%"
873,Lovdisc,17,"0,09%"
874,Bargantua,17,"0,09%"
875,Crabagarre,17,"0,09%"
876,Cheniti,17,"0,09%"
877,Coquiperl,17,"0,09%"
878,Larvibule,17,"0,09%"
879,Voltorbe,17,"0,09%"
880,Soporifik,16,"0,09%"
881,Chacripan,16,"0,09%"
882,Gravalanch d'Alola,16,"0,09%"
883,Pomdepik,16,"0,09%"
884,Ningale,16,"0,09%"
885,Charpenti,16,"0,09%"
886,Vostourno,16,"0,09%"
887,Meditikka,16,"0,09%"
888,Gouroutan,16,"0,09%"
889,Limonde de Galar,16,"0,09%"
890,Balbuto,16,"0,09%"
891,Makuhita,15,"0,08%"
892,Granivol,15,"0,08%"
893,Khelocrok,15,"0,08%"
894,Tadmorv,15,"0,08%"
895,Rattata d'Alola,15,"0,08%"
896,Cocotine,15,"0,08%"
897,Coxy,14,"0,08%"
898,Miradar,14,"0,08%"
899,Rattatac d'Alola,14,"0,08%"
900,Snubbull,14,"0,08%"
901,Barloche,14,"0,08%"
902,Larvadar,14,"0,08%"
903,Cheniselle,14,"0,08%"
904,Mamanbo,14,"0,08%"
905,Ortide,14,"0,08%"
906,Tournicoton,14,"0,08%"
907,Lilia,14,"0,08%"
908,Colombeau,14,"0,08%"
909,Ouvrifier,14,"0,08%"
910,Groret,13,"0,07%"
911,Blindalys,13,"0,07%"
912,Carabing,13,"0,07%"
913,Wagomine,13,"0,07%"
914,Charibari,13,"0,07%"
915,Ptiravi,13,"0,07%"
916,Persian d'Alola,13,"0,07%"
917,Piafabec,13,"0,07%"
918,Poissoroy,13,"0,07%"
919,Armulys,13,"0,07%"
920,Floravol,13,"0,07%"
921,Argouste,12,"0,07%"
922,Ratentif,12,"0,07%"
923,Coconfort,12,"0,07%"
924,Remoraid,12,"0,07%"
925,Tadmorv d'Alola,12,"0,07%"
926,Fluvetin,11,"0,06%"
927,Tarinor,11,"0,06%"
928,Lumivole,11,"0,06%"
929,Moufouette,11,"0,06%"
930,Taupiqueur d'Alola,11,"0,06%"
931,Poissirene,11,"0,06%"
932,Muciole,11,"0,06%"
933,Manglouton,10,"0,06%"
934,Opermine,9,"0,05%"
935,Noeunoeuf,8,"0,04%"
936,Hastacuda,8,"0,04%"